start,start/step,0,timestamp,1626142190.55326
start,start/step,0,timestamp,1626142251.5504174
start,start/step,0,timestamp,1626142902.0626967
start,start/step,0,timestamp,1626142961.232567
start,start/step,0,timestamp,1626143185.48608
start,start/step,0,timestamp,1626143983.4344652
start,start/step,0,timestamp,1626144129.9074013
start,start/step,0,timestamp,1626144249.596972
start,start/step,0,timestamp,1626145662.1566203
start,start/step,0,timestamp,1626146712.5011928
start,start/step,0,timestamp,1626147044.2404976
start,start/step,0,timestamp,1626148680.6436245
start,start/step,0,timestamp,1626148728.8641636
