start,start/step,0,timestamp,1626080039.467051
start,start/step,0,timestamp,1626139196.5083008
start,start/step,0,timestamp,1626139214.9298282
start,start/step,0,timestamp,1626139362.973705
start,start/step,0,timestamp,1626141805.775483
start,start/step,0,timestamp,1626924452.6405358
start,start/step,0,timestamp,1626924791.2685049
start,start/step,0,timestamp,1626925146.1502976
start,start/step,0,timestamp,1626925313.5342946
start,start/step,0,timestamp,1626927197.6194885
start,start/step,0,timestamp,1626945893.7475703
start,start/step,0,timestamp,1627030988.2688336
start,start/step,0,timestamp,1627031445.8405623
start,start/step,0,timestamp,1627031497.2841265
start,start/step,0,timestamp,1627290246.9394412
start,start/step,0,timestamp,1627290719.2525055
start,start/step,0,timestamp,1627290922.01283
start,start/step,0,timestamp,1627291292.3028123
start,start/step,0,timestamp,1627354123.9275029
start,start/step,0,timestamp,1627354172.7787292
start,start/step,0,timestamp,1627360076.5582154
